basename,category,word_count,has_pdf_download_link,confidence
boston_college_law_review_Boston_College_Law_Review,abstract_only,227,True,high
boston_college_law_review_Untitled,abstract_only,306,True,high
boston_university_law_review_Volume_105__Issue_4,abstract_only,275,True,high
bu_law_review_beyond_vawa,abstract_only,479,True,high
bu_law_review_interest_convergence_working_class,abstract_only,3791,True,high
bu_law_review_internet_grows_up,abstract_only,1294,True,high
bu_law_review_law_and_culture,full_text,10284,True,high
bu_law_review_learning_from_history,full_text,10329,True,high
bu_law_review_nil_compliance,full_text,10665,True,high
bu_law_review_online_harassment_intermediary_immunity,abstract_only,1932,True,high
bu_law_review_rediscovering_jacobson,abstract_only,714,True,high
bu_law_review_standing_privacy_harms,abstract_only,4274,True,high
bu_law_review_suing_china_covid,abstract_only,648,True,high
california_law_review_Access_Without_the_ADA_The_Implications_of_the_Federal_Judiciarys_Exemption_from_Following_the_Disab,full_text,11864,True,high
california_law_review_Amazons_Quiet_Overhaul_of_the_Trademark_System,full_text,35051,True,high
california_law_review_Articles___Essays___California_Law_Review,abstract_only,576,False,medium
california_law_review_Crafting_a_New_Conservationism,full_text,27699,True,high
california_law_review_Lovings_Borders,full_text,10279,True,high
california_law_review_Revisiting_City_of_Morgan_Hill_Fixing_Californias_Direct_Democracy_Preemption_Test,full_text,10205,True,high
california_law_review_Scholarship_Repository,abstract_only,326,False,medium
california_law_review_Social_Justice_Conflicts_in_Public_Law,full_text,37921,True,high
california_law_review_Structural_Indeterminacy_and_the_Separation_of_Powers,full_text,32367,True,high
california_law_review_affirmative-asylum,full_text,33590,True,high
california_law_review_amazon-trademark,full_text,35051,True,high
california_law_review_incoherence-colorblind-constitution,full_text,20276,True,high
california_law_review_indeterminacy-separation,full_text,32367,True,high
california_law_review_judiciary-ada,full_text,11864,True,high
california_law_review_loving-borders,full_text,10279,True,high
california_law_review_morgan-democracy,full_text,10205,True,high
california_law_review_new-conservationism,full_text,27699,True,high
california_law_review_social-justice-conflicts,full_text,37921,True,high
california_law_review_voter-pay,full_text,22322,True,high
chicago_law_review_ai-business-judgment-rule-heightened-information-duty,abstract_only,4189,True,high
chicago_law_review_blueprint-protecting-us-companies-unfair-competition-fueled-forced-labor,abstract_only,3251,True,high
chicago_law_review_children-and-cars-watch-them,abstract_only,7423,True,medium
chicago_law_review_college-athletes-employees-implications-title-ix-and-unequal-pay,abstract_only,3266,True,high
chicago_law_review_concept-common-law,abstract_only,4269,True,high
chicago_law_review_constitutional-amendment-state-statute-case-dual-sovereignty-illinois,abstract_only,3596,True,high
chicago_law_review_constitutional-limits-regulations-foreign-influenced-corporate-contributions,abstract_only,4646,True,high
chicago_law_review_digital-authoritarianism,abstract_only,7847,True,medium
chicago_law_review_future-forced-labor-enforcing-uflpa-wake-ninestar-corp-v-united-states,abstract_only,4672,False,medium
chicago_law_review_search-strategy-sampling-and-competition-law,full_text,11257,True,high
chicago_law_review_snow-rain-and-theft-limits-us-postal-service-liability-under-federal-tort-claims-act,abstract_only,3126,True,high
chicago_law_review_specter-circuit-split-isaacson-bankshot-and-ss-1983,abstract_only,3102,True,high
chicago_law_review_tiktok-bans-takings-clause-blunder,abstract_only,3784,True,high
chicago_law_review_trump-20-removal-cases-new-shadow-docket,full_text,8864,True,high
chicago_law_review_united-states-v-harris-hard-sell-involuntary-medication-defendants,abstract_only,3726,True,high
chicago_law_review_venue-transfers-administrative-litigation-and-neglected-percolation-argument,abstract_only,3875,True,high
chicago_law_review_who-are-they-judge-scope-absolute-immunity-applied-parole-psychologists,abstract_only,3893,True,high
columbia_afrofuturism_protest,abstract_only,3808,True,high
columbia_constitutionalism_of_force,abstract_only,6546,True,medium
columbia_distinguishing_privacy_law,abstract_only,3289,True,high
columbia_forcings,abstract_only,458,True,high
columbia_law_review______Columbia_Law_Review_In_Memoriam___________Jus,abstract_only,3557,False,medium
columbia_law_review_a_right_of_peaceable_assembly,abstract_only,4749,True,high
columbia_law_review_afrofuturism_in_protest_dissent_and_revolution,abstract_only,3799,True,high
columbia_law_review_guaranteed_the_federal_education_duty,abstract_only,1024,True,high
columbia_law_review_law_of_protest,abstract_only,5327,True,medium
columbia_law_review_overbroad_protest_laws,abstract_only,3297,True,high
columbia_law_review_policing_campus_protest,abstract_only,7565,True,medium
columbia_law_review_private_prison_healthcare_as_public_accommodation_leveraging_federal_and_state_p,abstract_only,2419,True,high
columbia_law_review_the_right_to_protest_in_indian_country,abstract_only,3972,True,high
columbia_law_review_the_sankofa_principle_in_protest_law,abstract_only,1130,True,high
columbia_layered_constitutionalism,abstract_only,3139,True,high
columbia_monells_untapped_potential,abstract_only,2321,True,high
columbia_new_outlawry,abstract_only,6335,True,medium
columbia_overbroad_protest_laws,abstract_only,3330,True,high
columbia_policing_campus_protest,abstract_only,7596,True,medium
columbia_sankofa_principle_protest_law,abstract_only,1131,True,high
columbia_two_cheers_evidence,full_text,20465,True,high
cornell_against_prosecutors,abstract_only,2143,True,high
cornell_antitrust_workers,abstract_only,2303,True,high
cornell_chevron_construction,abstract_only,2321,True,high
cornell_corporate_privacy_proxy,abstract_only,2302,True,high
cornell_equity_punishment,abstract_only,2179,True,high
cornell_frand_antitrust,abstract_only,2152,True,high
cornell_law_review_Cornell_Law_Review,abstract_only,4286,False,medium
cornell_legitimate_interpretation,abstract_only,2353,True,high
cornell_mdl_as_category,abstract_only,2435,True,high
cornell_scalia_legislative_history,abstract_only,2462,True,high
cornell_tort_private_administration,abstract_only,2331,True,high
duke_burdens_of_proof_in_criminal_procedure,abstract_only,2103,True,high
duke_fair_notice_is_a_sociopolitical_choice,abstract_only,2394,True,high
duke_illegal_corporate_cultures,abstract_only,2134,True,high
duke_journal_staff,abstract_only,1854,True,high
duke_justice_on_the_home_front_domestic_prosecution_of_foreign_combatants_during_wartime,abstract_only,2056,True,high
duke_law_journal_Duke_Law_Journal,abstract_only,2029,True,high
duke_law_journal_PDF,abstract_only,2134,True,high
duke_law_journal_Vol__75_Masthead_pdf,abstract_only,2954,False,medium
duke_law_journal_burdens_of_proof,abstract_only,2103,True,high
duke_law_journal_discretionary_immigration_detention,abstract_only,2025,True,high
duke_law_journal_illegal_corporate_cultures,abstract_only,2134,True,high
duke_law_journal_slowing_the_burn,abstract_only,2029,True,high
duke_law_journal_transnational_corporate_law,abstract_only,2092,True,high
duke_reforming_h_2a_protecting_migrant_workers_before_arrival_on_us_farms,abstract_only,2156,True,high
duke_reparations_for_project_one_hundred_thousand,abstract_only,2208,True,high
duke_slowing_the_burn_incentivizing_safer_development_through_wildfire_hazard_mapping,abstract_only,2029,True,high
duke_the_road_to_slow_deportation,abstract_only,2115,True,high
florida_law_review_vol76_iss6_art1_combatting-extremism,abstract_only,1750,True,high
florida_law_review_vol76_iss6_art2_originalism-election-law,abstract_only,1701,True,high
florida_law_review_vol76_iss6_art3_power-electorate-state-constitutions,abstract_only,1942,True,high
florida_law_review_vol76_iss6_art4_maximum-convergence-voting,abstract_only,1835,True,high
florida_law_review_vol76_iss6_art5_voting-rights-materiality,abstract_only,1794,True,high
florida_law_review_vol77_iss1_art1_artificial-intelligence-privacy,abstract_only,1848,True,high
florida_law_review_vol77_iss1_art2_expressive-discrimination-universities,abstract_only,1825,True,high
florida_law_review_vol77_iss1_art3_transunion-vermont-agency-statutory-damages,abstract_only,1937,True,high
florida_law_review_vol77_iss1_art4_going-en-banc,abstract_only,1634,True,high
florida_law_review_vol77_iss1_art5_clayton-act-cipher,abstract_only,1948,True,high
florida_law_review_vol77_iss2_art1_chilling-effects-dobbs,abstract_only,1876,True,high
florida_law_review_vol77_iss2_art2_future-antitrust-populism,abstract_only,1838,True,high
florida_law_review_vol77_iss2_art3_big-cost-small-farms,abstract_only,1899,True,high
florida_law_review_vol77_iss2_art4_originalist-case-insular-cases,abstract_only,1853,True,high
florida_law_review_vol77_iss2_art5_katz-imperfect-circle,abstract_only,1941,True,high
florida_law_review_vol77_iss2_art6_tribal-courts-general-jurisdiction,abstract_only,1908,True,high
fordham_law_review_Are_Your_Secrets_Safe____Imposing_a_Fiduciary_Duty,abstract_only,353,True,high
fordham_law_review_Article_III_Standing_in_Federal_Prosecutions_of__V,abstract_only,196,True,high
fordham_law_review_Emotionally_Unstable___Addressing_Emotional_Distre,abstract_only,447,True,high
fordham_law_review_Fixing_the_Fix___The_Case_for_Unifying_the_Remedia,abstract_only,372,True,high
fordham_law_review_Is_Your_Data_Good__Bad__or_Neutral____Redefining_C,abstract_only,437,True,high
fordham_law_review_Law-Following_AI___Designing_AI_Agents_to_Obey_Hum,abstract_only,563,True,high
fordham_law_review_The_Presumption_Against_Extraterritoriality_and_Wi,abstract_only,378,True,high
fordham_law_review_The_Roberts_Court_Paradox___Fordham_Law_Review,abstract_only,509,True,high
fordham_law_review_Venturing_into_Health___Fordham_Law_Review,abstract_only,362,True,high
fordham_law_review_When_the_Screen_Lies___Navigating_Privacy_and_Publ,abstract_only,301,True,high
georgetown_capers_afrofuturism_manifesto,abstract_only,1057,True,high
georgetown_garcia_selective_enforcement,abstract_only,505,True,high
georgetown_hall_areheart_bias_presumption,abstract_only,660,True,high
georgetown_heydari_sheriffs_constitution,abstract_only,523,True,high
georgetown_kagan_asylum_procedures,abstract_only,275,True,high
georgetown_kim_taxing_metaverse,abstract_only,467,True,high
georgetown_kwoka_information_commission,abstract_only,360,True,high
georgetown_law_journal________Georgetown_Law_Journal___,abstract_only,883,False,medium
georgetown_law_journal_a_faster_way_to_yes,abstract_only,275,True,high
georgetown_law_journal_renters_tax_credits,abstract_only,478,True,high
georgetown_law_journal_selective_enforcement,abstract_only,505,True,high
georgetown_law_journal_the_new_sexual_deviancy,abstract_only,629,True,high
georgetown_law_journal_the_sheriffs_constitution,abstract_only,523,True,high
georgetown_layser_renters_tax_credits,abstract_only,478,True,high
georgetown_takhshid_data_likeness,abstract_only,420,True,high
georgetown_woods_sexual_deviancy,abstract_only,629,True,high
gwu_law_review_chenery-ii-revisited,abstract_only,486,True,high
gwu_law_review_coercive-settlements,abstract_only,492,True,high
gwu_law_review_criminal-investors,abstract_only,471,True,high
gwu_law_review_delegating-and-regulating-the-presidents-section-232-and-ieepa-trade-powers,abstract_only,470,True,high
gwu_law_review_how-chevron-deference-fits-into-article-iii,abstract_only,553,True,high
gwu_law_review_nondelegation-as-constitutional-symbolism,abstract_only,485,True,high
gwu_law_review_optimal-ossification,abstract_only,445,True,high
gwu_law_review_the-ambiguity-fallacy,abstract_only,275,True,high
gwu_law_review_the-american-nondelegation-doctrine,abstract_only,428,True,high
gwu_law_review_the-ordinary-questions-doctrine,abstract_only,683,True,high
gwu_law_review_the-power-to-vacate-a-rule,abstract_only,512,True,high
harvard-law-review_background-principles-property,abstract_only,1203,False,medium
harvard-law-review_codify-gardner,abstract_only,1099,False,medium
harvard-law-review_equal-protection-protect,abstract_only,1227,False,medium
harvard-law-review_excited-delirium-policing,abstract_only,731,False,medium
harvard-law-review_fighting-words-founding,abstract_only,1401,False,medium
harvard-law-review_forgotten-history-prison-law,abstract_only,667,False,medium
harvard-law-review_immigration-detention,abstract_only,961,False,medium
harvard-law-review_pragmatism-textualism,abstract_only,632,False,medium
harvard-law-review_unwarranted-warrants,abstract_only,821,False,medium
harvard-law-review_waste-property-useless-things,abstract_only,671,False,medium
harvard_law_review_Appendix_for_Codify_Gardner,abstract_only,770,True,high
harvard_law_review_Appendix_for_Unwarranted_Warrants__An_Empirical_An,abstract_only,3948,True,high
harvard_law_review_Background_Principles_And_The_General_Law_Of_Property,full_text,12323,True,high
harvard_law_review_Codify_Gardner,full_text,10559,True,high
harvard_law_review_CompassCare_v__Hochul,abstract_only,4509,True,high
harvard_law_review_Excited_Delirium_Policing_And_The_Law_Of_Evidence,abstract_only,4021,True,high
harvard_law_review_Fighting_Words_At_The_Founding,full_text,12343,True,high
harvard_law_review_How_To_Get_Free_In_A_Time_Of_Retrenchment,abstract_only,1273,True,high
harvard_law_review_Lara_v__Commissioner_Pennsylvania_State_Police,abstract_only,4760,True,high
harvard_law_review_Making_Equal_Protection_Protect,full_text,11485,True,high
harvard_law_review_The_Forgotten_History_Of_Prison_Law_Judicial_Oversight_Of_Detention_Facilities_In_The_Nations_Early_,abstract_only,4157,True,high
harvard_law_review_The_Law_And_Lawlessness_Of_U_S_Immigration_Detention,abstract_only,5214,True,medium
harvard_law_review_Unwarranted_Warrants_An_Empirical_Analysis_Of_Judicial_Review_In_Search_And_Seizure,abstract_only,4962,True,high
harvard_law_review_Unwarranted_Warrants__An_Empirical_Analysis_of_Jud,abstract_only,4940,True,high
harvard_law_review_Waste_Property_And_Useless_Things,abstract_only,5021,True,medium
harvard_law_review__Background_Principles__and_the_General_Law_of_Pro,full_text,12301,True,high
harvard_law_review_____Articles__,abstract_only,830,True,high
indiana_law_journal_can_ai_as_such_invade_your_privacy_an_experimental_study_of_the_social_element_of_surveillance,abstract_only,2467,True,high
indiana_law_journal_dark_patterns_as_disloyal_design,abstract_only,2375,True,high
indiana_law_journal_discord_and_the_pentagon_s_watchdog_countering_extremism_in_the_u_s_military,abstract_only,2439,True,high
indiana_law_journal_foreword,abstract_only,2194,True,high
indiana_law_journal_moving_slow_and_fixing_things,abstract_only,2349,True,high
indiana_law_journal_multiplicity_as_an_ai_governance_principle,abstract_only,2405,True,high
indiana_law_journal_the_mirage_of_artificial_intelligence_terms_of_use_restrictions,abstract_only,2426,True,high
indiana_law_journal_the_overstated_cost_of_ai_fairness_in_criminal_justice,abstract_only,2413,True,high
indiana_law_journal_unlocking_platform_data_for_research,abstract_only,2437,True,high
indiana_law_journal_unpacking_open_source_bio,abstract_only,2258,True,high
iowa_law_review_______________Iowa_Law_Review____________,abstract_only,291,True,high
michigan_law_review_Volume_124__Issue_1,abstract_only,143,False,medium
michigan_law_review_beyond_profit_motives,abstract_only,4059,True,high
michigan_law_review_citizen_shareholders_the_state_as_a_fiduciary_in_international_investment_law,full_text,13182,True,high
michigan_law_review_consumerist_waste_looking_beyond_repair,abstract_only,4060,True,high
michigan_law_review_good_cause_for_goodness_sake_a_new_approach_to_notice_and_comment_rulemaking,full_text,12059,True,high
michigan_law_review_law_enforcement_privilege,full_text,26100,True,high
michigan_law_review_of_might_and_men,abstract_only,4079,True,high
michigan_law_review_on_the_genealogy_of_intimate_digital_harm,abstract_only,4072,True,high
michigan_law_review_orders_without_law,abstract_only,4063,True,high
michigan_law_review_original_public_meaning_and_pregnancys_ambiguities,abstract_only,4280,True,high
michigan_law_review_revocation_at_the_founding,abstract_only,4352,True,high
michigan_law_review_spending_clause_standing,full_text,16086,True,high
michigan_law_review_the_shadow_of_the_law_of_the_police,abstract_only,4067,True,high
michigan_law_review_tort_law_in_a_world_of_scarce_compensatory_resources,full_text,30598,True,high
michigan_law_review_what_is_a_prison,abstract_only,4060,True,high
michigan_law_review_wrongs_to_us,abstract_only,4366,True,high
minnesota_law_review_Filling_the_Sackett_Gap_The_Private_Governance_Option,abstract_only,372,True,high
minnesota_law_review_Full_Text,full_text,22609,False,high
minnesota_law_review_The_Bogeyman_of_Environmental_Regulation_Federalism_Agency_Preemption_and_the_Roberts_Court,abstract_only,382,True,high
minnesota_law_review_The_Four_Horsemen_of_the_New_Separation_of_Powers_The_Environmental_Law_Implications_ofWest_Virginia,abstract_only,821,True,high
minnesota_law_review_The_Impact_ofLoper_Bright_v_Raimondo_An_Empirical_Review_of_the_First_Six_Months,abstract_only,505,True,high
minnesota_law_review_Water_Flowing_Down_Wall_Street,abstract_only,481,True,high
minnesota_law_review_____Filling_the_Sackett_Gap__The_Private_Governanc,abstract_only,372,True,high
minnesota_law_review_____The_Bogeyman_of_Environmental_Regulation__Fede,abstract_only,382,True,high
minnesota_law_review_____The_Four_Horsemen_of_the_New_Separation_of_Pow,abstract_only,821,True,high
minnesota_law_review_____The_Impact_of_Loper_Bright_v__Raimondo__An_Emp,abstract_only,505,True,high
minnesota_law_review_____Water_Flowing_Down_Wall_Street_____,abstract_only,481,True,high
northwestern_law_review_Issues,full_text,7497,False,medium
northwestern_law_review________________Issues___________,abstract_only,306,False,medium
northwestern_law_review__________________________NULR_Online______________,abstract_only,326,False,medium
northwestern_law_review_accommodating_incompetency_immigration,abstract_only,792,True,high
northwestern_law_review_against_monetary_primacy,abstract_only,890,True,high
northwestern_law_review_ais_dream_electric_boards,abstract_only,792,True,high
northwestern_law_review_climate_exceptionalism_court,abstract_only,806,True,high
northwestern_law_review_constraining_executive_branch,abstract_only,886,True,high
northwestern_law_review_forgotten_fundamental_right_movement,abstract_only,765,True,high
northwestern_law_review_healing_power_antitrust,abstract_only,671,True,high
northwestern_law_review_legally_magic_words,abstract_only,820,True,high
northwestern_law_review_louboutin_lawfare,abstract_only,785,True,high
northwestern_law_review_market_value_partisan_balance,abstract_only,936,True,high
northwestern_law_review_racial_discrimination_returns,abstract_only,799,True,high
northwestern_law_review_renaissance_private_law,abstract_only,928,True,high
northwestern_law_review_sec_entrepreneurial_enforcer,abstract_only,665,True,high
northwestern_law_review_statutes_special_interests,abstract_only,752,True,high
northwestern_law_review_taxations_limits,abstract_only,991,True,high
nyu_american_law_global_conflict,abstract_only,251,True,high
nyu_being_nuisance,abstract_only,291,True,high
nyu_constitutional_consequences,abstract_only,360,True,high
nyu_first_black_jurors,abstract_only,226,True,high
nyu_generative_interpretation,abstract_only,253,True,high
nyu_intellectual_property_labor,abstract_only,342,True,high
nyu_labor_mobility_policing,abstract_only,318,True,high
nyu_law_review_Issues,abstract_only,455,False,medium
nyu_law_review_Volume_99__Number_6,abstract_only,2015,True,high
nyu_legislative_statutory_interpretation,abstract_only,294,True,high
nyu_second_look_resentencing,abstract_only,340,True,high
nyu_small_agency_policing,abstract_only,380,True,high
penn_law_review_ancillary_rights,abstract_only,6245,True,medium
penn_law_review_control_and_its_discontents,abstract_only,6166,True,medium
penn_law_review_debt_tokens,abstract_only,6293,True,medium
penn_law_review_default_procedures,abstract_only,6070,True,medium
penn_law_review_lessons_in_climate_derisking,abstract_only,6330,True,medium
penn_law_review_original_meaning_of_treaties,abstract_only,6216,True,medium
penn_law_review_policing_as_general_warrants,abstract_only,6441,True,medium
penn_law_review_prosecuting_families,abstract_only,6195,True,medium
penn_law_review_realism_about_criminal_justice_localism,abstract_only,6317,True,medium
penn_law_review_spirit,abstract_only,6290,True,medium
penn_law_review_super_dicta,abstract_only,6347,True,medium
penn_law_review_unwritten_administrative_law,abstract_only,6241,True,medium
pmc_11330913,full_text,9655,True,high
pmc_11978223,full_text,11199,True,high
pmc_12017427,full_text,8462,True,high
pmc_12020643,abstract_only,2188,True,high
pmc_12020646,full_text,14828,True,high
stanford-law-review_abandoning-deportation-adjudication,abstract_only,385,False,medium
stanford-law-review_conspiracy-jurisdiction,abstract_only,360,True,high
stanford-law-review_general-law-fourteenth-amendment,abstract_only,415,False,medium
stanford-law-review_governing-company-town,abstract_only,454,False,medium
stanford-law-review_great-writ-popular-sovereignty,abstract_only,440,False,medium
stanford-law-review_invisible-driver-policing,abstract_only,489,False,medium
stanford-law-review_notice-choice-unfairness,abstract_only,482,False,medium
stanford-law-review_private-equity-health-care,abstract_only,475,False,medium
stanford-law-review_second-amendment-federalism,abstract_only,442,False,medium
stanford-law-review_uncommon-carriage,abstract_only,405,False,medium
stanford-law-review_war-reparations-countermeasures,abstract_only,427,False,medium
stanford_law_review_Abandoning_Deportation_Adjudication,abstract_only,660,True,high
stanford_law_review_After_Notice_and_Choice_Reinvigorating_Unfairness_to_Rein_In_Data_Abuses,abstract_only,367,False,medium
stanford_law_review_After_Notice_and_Choice__Reinvigorating__Unfairnes,abstract_only,605,True,high
stanford_law_review_Governing_the_Company_Town,abstract_only,642,True,high
stanford_law_review_Lost_Profits_Damages_for_Multicomponent_Products,abstract_only,449,False,medium
stanford_law_review_Mastheads,abstract_only,748,True,high
stanford_law_review_Migration_as_Decolonization,abstract_only,482,False,medium
stanford_law_review_Municipalities_and_the_Banking_Franchise,abstract_only,467,True,high
stanford_law_review_Print_Issues,abstract_only,453,False,medium
stanford_law_review_Stranger_in_the_Land_of_Federalism,abstract_only,548,False,medium
stanford_law_review_Why_the_Constitution_Was_Written_Down,abstract_only,475,False,medium
stanford_law_review_badii_antitrust_merger,abstract_only,547,True,high
stanford_law_review_bednar_presidential_control,abstract_only,759,True,high
stanford_law_review_crews_vermont_yankee,abstract_only,576,True,high
stanford_law_review_highsmith_company_town,abstract_only,642,True,high
stanford_law_review_kelley_fair_housing,abstract_only,619,True,high
stanford_law_review_khan_notice_choice_unfairness,abstract_only,605,True,high
stanford_law_review_padmanabhan_deportation,abstract_only,660,True,high
stanford_law_review_rauterberg_shadow_banking,abstract_only,611,True,high
stanford_law_review_schuman_prosecutors_robes,abstract_only,544,True,high
stanford_law_review_snyder_constitutional_rights,abstract_only,515,True,high
stanford_law_review_weightman_banking_franchise,abstract_only,467,True,high
stanford_law_review_wu_clean_water_enforcement,abstract_only,526,True,high
stanford_law_review_yankah_deputization,abstract_only,773,True,high
stanford_law_review_yorke_missing_canons,abstract_only,450,True,high
texas_bracha_syed_ip_political_economy,full_text,12722,True,high
texas_braver_somin_exclusionary_zoning,full_text,28655,True,high
texas_fallon_selective_originalism,full_text,39207,True,high
texas_fan_big_data_searches,full_text,26632,True,high
texas_farber_workarounds,full_text,30777,True,high
texas_ferguson_video_analytics,full_text,32940,True,high
texas_fisch_schwartz_corporate_democracy,full_text,29039,True,high
texas_hershkoff_beleaguered_sovereign,full_text,25332,True,high
texas_law_review_battered-woman-syndrome,full_text,11551,True,high
texas_law_review_contract-remedies-new-economy,full_text,29042,True,high
texas_law_review_cryptocurrency-credit-risk,full_text,36109,True,high
texas_law_review_damage-averaging-high-value-claims,abstract_only,394,True,high
texas_law_review_discovery-dark-matter,full_text,31922,True,high
texas_law_review_extraterritoriality-patent-infringement,full_text,12962,True,high
texas_law_review_federalism-state-democracy,abstract_only,213,True,high
texas_law_review_liberty-in-loyalty-fiduciary-law,abstract_only,302,True,high
texas_law_review_mass-incarceration-history,abstract_only,191,True,high
texas_law_review_repealing-environmental-laws-magna-carta,full_text,15469,True,high
texas_law_review_state-regulation-online-behavior,full_text,20390,True,high
texas_law_review_systemically-important-technology,full_text,28549,True,high
texas_law_review_technologies-of-violence,full_text,25657,True,high
texas_law_review_video-analytics-fourth-amendment,full_text,32940,True,high
texas_law_review_working-with-statutes,full_text,43696,True,high
texas_litman_gulasekaram_gun_safety,full_text,25657,True,high
texas_pfander_judicial_review,full_text,20720,True,high
texas_tokson_video_analytics,full_text,32940,True,high
texas_zick_second_amendment,full_text,26989,True,high
ucla_administrative_statutory_revisionism,abstract_only,1079,False,medium
ucla_ai_gender_recognition_technology_and_surveillance,abstract_only,1078,False,medium
ucla_beyond_coercion,abstract_only,844,False,medium
ucla_colonial_exploitation_the_canadian_state_and_the_trafficking_of_indigenous_women_and_girls_in_canada,abstract_only,750,False,medium
ucla_eracing_childhood_examining_the_racialized_construction_of_childhood_and_innocence_in_the_treatment_,abstract_only,745,False,medium
ucla_first_amendment_protections_for_detained_organizers,abstract_only,1078,False,medium
ucla_giving_as_governance_philanthrocapitalism_and_modern_day_slavery_abolitionism,abstract_only,629,False,medium
ucla_law_review_Click_to_print_Opens_in_new_windowPrint,abstract_only,1013,False,medium
ucla_law_review_Homelands_Not_Graveyards,abstract_only,869,False,medium
ucla_law_review_Masthead,abstract_only,229,False,medium
ucla_law_review_Print,abstract_only,1271,False,medium
ucla_law_review_The_Sovereignty_Problem_in_Federal_Indian_Law,abstract_only,711,False,medium
ucla_law_review_Tribal_Law_Innovations_in_Native_Governance,abstract_only,763,False,medium
ucla_law_review_Volume_64_Masthead,abstract_only,508,False,medium
ucla_law_review_Volume_65_Masthead,abstract_only,499,False,medium
ucla_law_review_Volume_66_Masthead,abstract_only,522,False,medium
ucla_law_review_Volume_67_Masthead,abstract_only,538,False,medium
ucla_law_review_Volume_68_Masthead,abstract_only,535,False,medium
ucla_law_review_Volume_69_Masthead,abstract_only,423,False,medium
ucla_law_review_Volume_70_Masthead,abstract_only,231,False,medium
ucla_law_review_Volume_72,abstract_only,1026,False,medium
ucla_law_review_Volume_73,abstract_only,230,False,medium
ucla_law_review_applying_for_compassionate_release_as_a_pro_se_litigant,abstract_only,2652,False,medium
ucla_law_review_barriers_to_jailhouse_lawyering,abstract_only,4212,False,medium
ucla_law_review_bound_by_law_freed_by_solidarity_navigating_california_prisons_and_universities_as_a_jailhouse_lawye,abstract_only,4109,True,high
ucla_law_review_broken_systems_function_by_design,abstract_only,6094,True,medium
ucla_law_review_connecting_race_and_empire_what_critical_race_theory_offers_outside_the_us_legal_context,abstract_only,7532,True,medium
ucla_law_review_critical_race_theory_another_casualty_in_the_attack_on_facts,abstract_only,3418,False,medium
ucla_law_review_critical_race_theory_inside_and_beyond_the_ivory_tower,full_text,15391,True,high
ucla_law_review_episode_82_professor_sanford_williams_friends_family_and_the_fcc,full_text,5269,False,medium
ucla_law_review_insurgent_knowledge_battling_cdcr_from_inside_the_system_the_story_of_the_essential_collaboration_be,full_text,8504,True,high
ucla_law_review_legal_violence_and_303_creative_llc_v_elenis_a_partial_yet_true_history_of_public_accommodation_law_,abstract_only,1688,False,medium
ucla_law_review_professionalism_as_a_racial_construct,abstract_only,7845,True,medium
ucla_law_review_protect_black_girls,full_text,9189,False,high
ucla_law_review_the_mandate_for_critical_race_theory_in_this_time,full_text,7449,False,medium
ucla_law_review_whiteness_as_guilt_attacking_critical_race_theory_to_redeem_the_racial_contract,full_text,7925,False,medium
ucla_law_review_yes_critical_race_theory_should_be_taught_in_your_school_undoing_racism_in_k12_schooling_and_classro,full_text,5809,False,medium
ucla_police_reform_and_black_lives_matter,abstract_only,1078,False,medium
ucla_pretrial_risk_assessment_and_bail_reform,abstract_only,1078,False,medium
ucla_social_movements_in_american_legal_theory,abstract_only,1079,False,medium
ucla_the_freedom_of_speech_and_bad_purposes,abstract_only,1079,False,medium
ucla_the_racial_roots_of_human_trafficking,abstract_only,855,False,medium
ucla_the_unequal_pretrial_detention,abstract_only,1078,False,medium
ucla_third_party_security_measures_and_cybersecurity,abstract_only,1079,False,medium
ucla_unexceptional_protest,abstract_only,1078,False,medium
ucla_untitled,full_text,15671,False,high
university_of_chicago_law_review__Volume_91_6__October_2024__,abstract_only,1719,False,medium
university_of_chicago_law_review__Volume_91_7__November_2024__,abstract_only,2120,False,medium
university_of_chicago_law_review__Volume_91_8__December_2024__,abstract_only,2297,False,medium
university_of_chicago_law_review__Volume_92_1__January_2025__,abstract_only,2448,False,medium
university_of_chicago_law_review__Volume_92_2__March_2025__,abstract_only,2024,False,medium
university_of_chicago_law_review__Volume_92_3__May_2025__,abstract_only,2116,False,medium
university_of_chicago_law_review__Volume_92_4__June_2025__,abstract_only,1868,False,medium
university_of_chicago_law_review__Volume_92_5__September_2025__,abstract_only,1714,False,medium
university_of_chicago_law_review__Volume_92_6__October_2025__,abstract_only,1912,False,medium
upenn_cbdc_public_money,abstract_only,5982,True,medium
upenn_conflicts_of_law_abortion,abstract_only,6472,True,medium
upenn_corporate_tokenism,abstract_only,6228,True,medium
upenn_failure_to_appear,abstract_only,6406,True,medium
upenn_false_analogies_predatory_pricing,abstract_only,6330,True,medium
upenn_law_review_Ameliorative_Constitutionalism,abstract_only,6318,True,medium
upenn_law_review_Constitutions_of_Ice_and_Fire,abstract_only,5973,True,medium
upenn_law_review_Erasing_Slavery__The_Uses_and_Misuses_of_the_Histo,abstract_only,6141,True,medium
upenn_law_review_History_and_Fetishism_in_the_New_Separation_of_Pow,abstract_only,6164,True,medium
upenn_law_review_Nino_s_Paradox,abstract_only,5966,True,medium
upenn_law_review_Originalist_Framing_of_Free_Speech_Doctrine,abstract_only,6136,True,medium
upenn_law_review_The_Abuses_of_History_in_Constitutional_Interpreta,abstract_only,5971,True,medium
upenn_law_review_The_Democratic_Deficit_of_Living_Originalism,abstract_only,6136,True,medium
upenn_law_review_The_Past_is_Always_Changing__A_Story_in_Three_Part,abstract_only,5995,True,medium
upenn_law_review_Why_We_Should_Stop_Saying__The_Founders_,abstract_only,5976,True,medium
upenn_ninos_paradox,abstract_only,5966,True,medium
upenn_originalist_framing,abstract_only,6136,True,medium
upenn_past_is_changing,abstract_only,5995,True,medium
upenn_private_enforcement,abstract_only,6533,True,medium
upenn_terms_of_service_fourth_amendment,abstract_only,6161,True,medium
usc_law_review_criminalization_an_exceptionally_american_response_to_homele,full_text,14201,True,high
usc_law_review_fair_use_and_fair_price,full_text,17905,True,high
usc_law_review_familial_dna_and_due_process_for_innocents,full_text,26204,True,high
usc_law_review_fintech_and_techno_solutionism,full_text,32374,True,high
usc_law_review_in_the_name_of_accountability,full_text,12934,True,high
usc_law_review_islands_of_algorithmic_integrity_imagining_a_democratic_digi,full_text,14449,True,high
usc_law_review_listeners_choices_online,full_text,21134,True,high
usc_law_review_listening_on_campus_academic_freedom_and_its_audiences,full_text,14184,True,high
usc_law_review_mind_the_gap_s_mitigating_harassment_in_a_post_metoo_workpla,full_text,20562,True,high
usc_law_review_respecting_listeners_autonomy_the_right_to_be_left_alone,full_text,13615,True,high
usc_law_review_the_default_rule_and_due_process_diverging_interpretations_o,full_text,19378,True,high
usc_law_review_the_first_amendment_of_fear,abstract_only,6051,True,medium
vanderbilt_law_review_A_Crust_of_Bread__Religious_Resistance_and_the_Fou,abstract_only,2130,True,high
vanderbilt_law_review_Congress_s_Power_Over_the_Electoral_Count,abstract_only,2163,True,high
vanderbilt_law_review_Defense_Wins_Championships__and_Labor_Disputes___H,abstract_only,2211,True,high
vanderbilt_law_review_Goodbye__Zoning_,abstract_only,2142,True,high
vanderbilt_law_review_The_Illusion_of_Stability_in_Family_Law,abstract_only,2171,True,high
vanderbilt_law_review__Vanderbilt_Law_Review___Vol_78___Iss_4_,abstract_only,1935,True,high
virginia_law_review_Articles,abstract_only,612,False,medium
virginia_law_review_Deterring_Unenforceable_Terms,abstract_only,4841,True,high
virginia_law_review_Fourth_Amendment_Trespass_and_Internet_Search_Hist,abstract_only,1528,True,high
virginia_law_review_Free_Speech__Breathing_Space__and_Liability_Insura,abstract_only,4557,True,high
virginia_law_review_Free_Speech_as_White_Privilege__Racialization__Sup,abstract_only,2462,True,high
virginia_law_review_Neo-Brandeis_Goes_to_Washington__A_Provisional_Ass,abstract_only,1195,True,high
virginia_law_review_The_Association_Game__Applying_Noscitur_a_Sociis_a,abstract_only,2063,True,high
virginia_law_review_abortions-new-criminalization-a-history-and-tradition-right-to-health-care-access-after-dobbs,abstract_only,3935,True,high
virginia_law_review_adapting_conservation_governance_under_climate_change_lessons_from_indian_country,abstract_only,647,False,medium
virginia_law_review_an-alternative-to-constraining-judges-with-constitutional-theories-the-internal-goods-approach,abstract_only,3008,True,high
virginia_law_review_antitrusts-interdependence-paradox,abstract_only,1336,True,high
virginia_law_review_consent_and_compensation_resolving_generative_ais_copyright_crisis,abstract_only,370,False,medium
virginia_law_review_constraining_legislative_expulsion,abstract_only,646,False,medium
virginia_law_review_criminal_violations,abstract_only,587,False,medium
virginia_law_review_deterring-unenforceable-terms,abstract_only,4841,True,high
virginia_law_review_editing_classic_books_a_threat_to_the_public_domain,abstract_only,890,False,medium
virginia_law_review_fourth-amendment-trespass-and-internet-search-history,abstract_only,1528,True,high
virginia_law_review_free-speech-as-white-privilege-racialization-suppression-and-the-palestine-exception,abstract_only,2462,True,high
virginia_law_review_free-speech-breathing-space-and-liability-insurance,abstract_only,4557,True,high
virginia_law_review_frictionless_government_and_foreign_relations,abstract_only,492,False,medium
virginia_law_review_medicaid_act_protections_for_gender_affirming_care,abstract_only,451,False,medium
virginia_law_review_neo-brandeis-goes-to-washington-a-provisional-assessment-of-the-biden-administrations-antitrust-record,abstract_only,1195,True,high
virginia_law_review_political-mootness,abstract_only,3712,True,high
virginia_law_review_solitary-confinement-human-dignity-and-the-eighth-amendment,abstract_only,6391,True,medium
virginia_law_review_standing_shoulder_pad_to_shoulder_pad_collective_bargaining_in_college_athletics,abstract_only,602,False,medium
virginia_law_review_the-association-game-applying-noscitur-a-sociis-and-ejusdem-generis,abstract_only,2063,True,high
virginia_law_review_the-radical-fair-housing-act,abstract_only,4623,True,high
virginia_law_review_the-right-thing-in-the-wrong-place-unstable-dicta-and-aesthetics-gradual-incursion-into-the-traditional-police-power-justifications,abstract_only,3204,True,high
virginia_law_review_the-unenumerated-power,full_text,13335,True,high
virginia_law_review_the_founders_purse,abstract_only,565,False,medium
virginia_law_review_united_states_v_rahimi_we_do_not_resolve_any_of_those_questions_because_we_cannot,abstract_only,665,False,medium
washington_university_law_review_Print,full_text,15257,False,high
wisconsin_law_review_assessing_experiential_learning_jobs_and_all_a_response_to_the_three_professors,abstract_only,7774,True,medium
wisconsin_law_review_copyright_and_innovation_déjà_vu_all_over_again,abstract_only,2248,True,high
wisconsin_law_review_copyright_and_innovation_responses_to_marks_masnick_and_picker,abstract_only,6167,True,medium
wisconsin_law_review_debunking_the_stifling_innovation_myth_the_music_businesss_successful_transition_to_digital,abstract_only,2184,True,high
wisconsin_law_review_disparaging_the_supreme_court_is_scotus_in_serious_trouble,abstract_only,4861,True,high
wisconsin_law_review_forbidden_films_and_the_first_amendment,abstract_only,7932,True,medium
wisconsin_law_review_from_a_scream_to_a_whisper_the_supreme_court_does_little_to_fix_its_bankruptcy_court_mess_executive_,abstract_only,5133,True,medium
wisconsin_law_review_heterogeneity_legislative_history_and_the_costs_of_litigation_a_brief_comment_on_bruhls_hierarchy_an,abstract_only,2957,True,high
wisconsin_law_review_judging_indian_character_the_supreme_courts_opportunity_in_nebraska_v_parker,abstract_only,2377,True,high
wisconsin_law_review_limelight_v_akamai_limiting_induced_infringement,abstract_only,3485,True,high
wisconsin_law_review_marriage_equality_comes_to_wisconsin,full_text,9630,True,high
wisconsin_law_review_reforming_software_claiming,abstract_only,2565,True,high
wisconsin_law_review_requiring_exhaustion_for_cumulative_error_review_of_harmlessness_does_not_add_up,abstract_only,4221,True,high
wisconsin_law_review_response_to_sanders_maiingan_as_property,abstract_only,2002,True,high
wisconsin_law_review_when_you_let_incumbents_veto_innovation_you_get_less_innovation,abstract_only,5471,True,medium
wisconsin_law_review_wisconsin_law_review_online_2015_symposium,abstract_only,2348,True,high
yale_law_journal_Antiracist_Expert_Evidence,abstract_only,2835,True,high
yale_law_journal_Resurrecting_the_Trinity_of_Legislative_Constitutionalism,abstract_only,7260,True,medium
yale_law_journal_The_Dangerous_Rise_of_Dual_Use_Objects_in_War,abstract_only,5496,True,medium
yale_law_journal_The_Prison_Discovery_Crisis,abstract_only,6116,True,medium
yale_law_journal___,abstract_only,211,False,medium
